Country,Alpha-2 code,Alpha-3 code,Numeric,First_Lat,First_Long,COVID19 Confirmed,COVID19 Recovered,COVID19 Deaths,1st day infection,1st Day No Infecteds,HDI Rank,"Human development index (HDI) ",Life expectancy at birth,Expected years of schooling,Mean years of schooling,Gross national income (GNI) per capita,GNI per capita rank minus HDI rank,Hospital Bed Density per 1000,DataHoje,No Dias Infectados
Afghanistan,AF,AFG,4,33,65,281,10,6,2020-02-24,1,170,0.495959522801484,64.486,10.13892,3.93,1745.665705,1,0.5,2020-04-04,40
Albania,AL,ALB,8,41.1533,20.1683,304,89,17,2020-03-09,2,69,0.791405876179537,78.458,15.23,10.0546184,12299.79934,20,2.9,2020-04-04,26
Algeria,DZ,DZA,12,28.0339,1.6596,1171,62,105,2020-02-25,1,82,0.758977696706234,76.693,14.7193787,7.986547848,13639.43491,0,1.9,2020-04-04,39
Andorra,AD,AND,20,42.5063,1.5218,439,16,16,2020-03-02,1,36,0.856781345024909,81.786,13.30023874,10.15545101,48640.89418,-20,2.5,2020-04-04,33
Angola,AO,AGO,24,-11.2027,17.8739,8,1,2,2020-03-20,1,149,0.574487757656951,60.782,11.777202,5.125459533,5554.697384,-16,0,2020-04-04,15
Antigua and Barbuda,AG,ATG,28,17.0608,-61.7964,15,0,0,2020-03-13,1,74,0.776163151213478,76.885,12.45249,9.263093809,22201.22944,-17,3.8,2020-04-04,22
Argentina,AR,ARG,32,-38.4161,-63.6167,1265,266,39,2020-03-03,1,48,0.830095812117932,76.52,17.63836,10.56496472,17611.21813,18,5,2020-04-04,32
Armenia,AM,ARM,51,40.0691,45.0382,736,43,7,2020-03-01,1,81,0.760010886473831,74.945,13.16837,11.793905,9277.232829,26,4.2,2020-04-04,34
Australia,AU,AUS,36,-35.4735,149.0124,5330,649,28,2020-01-26,4,6,0.938378552404198,83.281,22.10372,12.68304986,44097.01934,15,3.8,2020-04-04,69
Austria,AT,AUT,40,47.5162,14.5501,11524,2022,168,2020-02-25,2,20,0.913808548217478,81.434,16.28676,12.55851074,46230.57167,0,7.6,2020-04-04,39
Azerbaijan,AZ,AZE,31,40.1431,47.5769,443,32,5,2020-03-01,3,87,0.75386866073575,72.864,12.40123094,10.47972,15240.14392,-10,4.7,2020-04-04,34
Bahamas (the),BS,BHS,44,25.0343,-77.3963,24,1,1,2020-03-16,1,60,0.805483273566233,73.752,12.82263,11.533,28395.39613,-17,2.9,2020-04-04,19
Bahrain,BH,BHR,48,26.0275,50.55,672,382,4,2020-02-24,1,45,0.837770190229584,77.163,15.25713,9.411832983,40399.11872,-18,2,2020-04-04,40
Bangladesh,BD,BGD,50,23.685,90.3563,61,26,6,2020-03-08,3,135,0.613679337404609,72.32,11.20449,6.06183,4057.250181,6,0.8,2020-04-04,27
Barbados,BB,BRB,52,13.1939,-59.5432,51,0,0,2020-03-17,2,56,0.813310489264994,79.081,15.15573,10.5569,15912.27757,18,5.8,2020-04-04,18
Belarus,BY,BLR,112,53.7098,27.9534,351,53,4,2020-02-28,1,50,0.817067987091786,74.59,15.35894,12.30584324,17038.52852,18,11,2020-04-04,36
Belgium,BE,BEL,56,50.8333,4,16770,2872,1143,2020-02-04,1,17,0.918841196910571,81.468,19.69991,11.78389183,43820.84204,5,6.2,2020-04-04,60
Belize,BZ,BLZ,84,13.1939,-59.5432,4,0,0,2020-03-23,1,103,0.720169787036352,74.496,13.12334,9.795835793,7135.969704,17,1.3,2020-04-04,12
Benin,BJ,BEN,204,9.3077,2.3158,16,2,0,2020-03-16,1,163,0.519834165001225,61.47,12.61455,3.774,2134.589379,2,0.5,2020-04-04,19
Bhutan,BT,BTN,64,27.5142,90.4336,5,2,0,2020-03-06,1,134,0.617298752281719,71.46,12.12799313,3.137561559,8609.115446,-23,1.7,2020-04-04,29
Bolivia (Plurinational State of),BO,BOL,68,-16.2902,-63.5887,132,1,9,2020-03-11,2,114,0.702842353222393,71.239,14.01306,9.017540839,6849.20187,8,1.1,2020-04-04,24
Bosnia and Herzegovina,BA,BIH,70,43.9159,17.6791,579,27,17,2020-03-05,2,75,0.769187275316694,77.262,13.78761333,9.692916034,12689.68076,10,3.5,2020-04-04,30
Botswana,BW,BWA,72,-22.3285,24.6849,4,0,1,2020-03-30,3,94,0.727787113644473,69.275,12.69723496,9.33,15951.3304,-21,1.8,2020-04-04,5
Brazil,BR,BRA,76,-14.235,-51.9253,9056,127,359,2020-02-26,1,79,0.761152822824609,75.672,15.39694,7.84104675,14068.04766,2,2.2,2020-04-04,38
Brunei Darussalam,BN,BRN,96,4.5353,114.7277,134,65,1,2020-03-09,1,43,0.844586934536554,75.722,14.3801,9.1,76388.54336,-39,2.7,2020-04-04,26
Bulgaria,BG,BGR,100,42.7339,25.4858,485,30,14,2020-03-08,4,52,0.815710786220969,74.928,14.81046,11.81482978,19645.936,9,6.8,2020-04-04,27
Burkina Faso,BF,BFA,854,12.2383,-1.5616,302,50,16,2020-03-10,1,182,0.43354704878473,61.174,8.90646,1.585573608,1705.485422,-8,0.4,2020-04-04,25
Burundi,BI,BDI,108,-3.3731,29.9189,3,0,0,2020-03-31,2,185,0.422881598194768,61.247,11.30463,3.124365,659.7322625,4,0.8,2020-04-04,4
Cabo Verde,CV,CPV,132,16.5388,-23.0418,6,0,1,2020-03-20,1,126,0.650692937500233,72.782,11.86684,6.244572753,6513.490765,-1,2.1,2020-04-04,15
Cambodia,KH,KHM,116,11.55,104.9167,114,35,0,2020-01-27,1,146,0.581484980250685,69.57,11.33676945,4.844,3597.396365,2,0.8,2020-04-04,68
Cameroon,CM,CMR,120,3.848,11.5021,509,17,8,2020-03-06,1,150,0.562725314054388,58.921,12.7494,6.2917,3291.127921,3,1.3,2020-04-04,29
Canada,CA,CAN,124,53.9333,-116.5765,12437,2175,179,2020-01-26,1,13,0.922111309344992,82.315,16.09144,13.31536312,43602.24929,10,2.7,2020-04-04,69
Central African Republic (the),CF,CAF,140,6.6111,20.9394,8,0,0,2020-03-15,1,188,0.38066211113133,52.805,7.56836,4.282,776.6759961,0,1,2020-04-04,20
Chad,TD,TCD,148,15.4542,18.7322,8,0,0,2020-03-19,1,187,0.40117596828544,53.977,7.465364,2.409497071,1715.568235,-15,0,2020-04-04,16
Chile,CL,CHL,152,-35.6751,-71.543,3737,427,22,2020-03-03,1,42,0.846947981694198,80.042,16.53156,10.4469855,21972.27872,17,2.2,2020-04-04,32
China,CN,CHN,156,31.8257,117.2264,82511,76760,3326,2020-01-22,548,85,0.757587428748823,76.704,13.88891653,7.9,16126.56804,-13,4.2,2020-04-04,73
Colombia,CO,COL,170,4.5709,-74.2973,1267,55,25,2020-03-06,1,79,0.760894930926648,77.109,14.59814,8.3265809,12895.59491,4,1.5,2020-04-04,29
Comoros (the),KM,COM,174,0,0,0,0,0,,0,156,0.537825656164943,64.118,11.23886102,4.908531258,2426.385781,7,2.2,2020-04-04,
Congo (the Democratic Republic of the),CD,COD,180,-4.0383,21.7587,134,3,13,2020-03-11,1,179,0.458730070735528,60.368,9.7025948,6.75948,800.0214295,8,0,2020-04-04,24
Congo (the),CG,COG,178,-4.0383,21.7587,22,2,2,2020-03-15,1,138,0.608499599934289,64.29,11.60205989,6.502271707,5803.88345,-8,0,2020-04-04,20
Costa Rica,CR,CRI,188,9.7489,-83.7534,416,11,2,2020-03-06,1,68,0.793519946378668,80.095,15.37714,8.6671837,14789.93488,12,1.1,2020-04-04,29
Croatia,HR,HRV,191,45.1,15.2,1079,92,8,2020-02-25,1,46,0.837313319411774,78.342,14.96245,11.40518282,23060.96179,9,5.6,2020-04-04,39
Cuba,CU,CUB,192,22,-80,269,15,6,2020-03-12,3,72,0.777714508577506,78.726,14.37023,11.7507808,7811.358181,43,5.2,2020-04-04,23
Cyprus,CY,CYP,196,35.1264,33.4299,396,28,11,2020-03-09,2,31,0.872955393887627,80.828,14.67400082,12.10394114,33100.31857,5,3.4,2020-04-04,26
Czechia,CZ,CZE,203,49.8175,15.473,4091,72,53,2020-03-01,3,26,0.890754657933538,79.222,16.83158,12.74035051,31597.07111,12,6.5,2020-04-04,34
"Côte d'Ivoire",CI,CIV,384,7.54,-5.5471,218,19,1,2020-03-11,1,165,0.515747128403892,57.422,9.62984,5.192,3589.405001,-16,0,2020-04-04,24
Denmark,DK,DNK,208,56.2639,9.5018,3946,1287,139,2020-02-27,1,11,0.929946115055509,80.784,19.06606,12.58778516,48836.09375,4,2.5,2020-04-04,37
Djibouti,DJ,DJI,262,11.8251,42.5903,49,8,0,2020-03-18,1,171,0.495433259547952,66.582,6.484498855,4,3600.713386,-24,1.4,2020-04-04,17
Dominica,DM,DMA,212,15.415,-61.371,12,0,0,2020-03-22,1,98,0.723788028755894,78.119,12.966179,7.8,9245.160148,10,3.8,2020-04-04,13
Dominican Republic (the),DO,DOM,214,18.7357,-70.1627,1488,16,68,2020-03-01,1,89,0.744640742308084,73.892,14.14082,7.935346002,15074.25844,-10,1.6,2020-04-04,34
Ecuador,EC,ECU,218,-1.8312,-78.1834,3368,65,145,2020-03-01,6,85,0.757916350872878,76.8,14.92304375,8.98551,10141.14555,17,1.5,2020-04-04,34
Egypt,EG,EGY,818,26,30,985,216,66,2020-02-14,1,116,0.699726797920563,71.825,13.1048325,7.326,10743.80596,-16,1.6,2020-04-04,50
El Salvador,SV,SLV,222,13.7942,-88.8965,46,0,2,2020-03-19,1,124,0.66668101830167,73.096,12.03557,6.942757762,6973.458016,-3,1.3,2020-04-04,16
Equatorial Guinea,GQ,GNQ,226,1.5,10,16,1,0,2020-03-15,1,144,0.588421644686769,58.402,9.2,5.550890776,17795.54159,-80,2.1,2020-04-04,20
Eritrea,ER,ERI,232,15.1794,39.7823,22,0,0,2020-03-21,1,182,0.433579620423195,65.941,5.0052837,3.9,1707.710964,-9,0.7,2020-04-04,14
Estonia,EE,EST,233,58.5953,25.0136,961,48,12,2020-02-27,1,30,0.881542297895028,78.567,16.06362,13.0290394,30378.62982,10,5,2020-04-04,37
Eswatini,SZ,SWZ,748,-26.5225,31.4659,9,0,0,2020-03-14,1,138,0.608081783662635,59.401,11.37879,6.747809563,9359.112658,-32,2.1,2020-04-04,21
Ethiopia,ET,ETH,231,9.145,40.4897,35,3,0,2020-03-13,1,173,0.469849625340561,66.24,8.710185884,2.795442993,1781.756181,-4,0.3,2020-04-04,22
Faroe Islands (the),FO,FRO,234,0,0,0,0,0,,0,0,0,0,0,0,0,0,4.1,2020-04-04,
Fiji,FJ,FJI,242,-17.7134,178.065,7,0,0,2020-03-19,1,98,0.723698869420023,67.341,14.42733083,10.884,9110.441609,11,2.3,2020-04-04,16
Finland,FI,FIN,246,64,26,1615,300,20,2020-01-29,1,12,0.925191724468301,81.736,19.31641,12.43960917,41779.26491,12,4.4,2020-04-04,66
France,FR,FRA,250,46.2276,2.2137,65202,14135,6520,2020-01-24,2,26,0.891056777724811,82.541,15.4858,11.41703591,40510.78081,0,6.5,2020-04-04,71
Gabon,GA,GAB,266,-0.8037,11.6094,21,1,1,2020-03-14,1,115,0.701625266147753,66.187,12.9,8.320069671,15794.07816,-40,6.3,2020-04-04,21
Gambia (the),GM,GMB,270,13.4432,-15.3101,4,2,1,2020-03-17,1,174,0.465724901352787,61.735,9.482098751,3.666,1489.572356,4,1.1,2020-04-04,18
Georgia,GE,GEO,268,42.3154,43.3569,155,28,0,2020-02-26,1,70,0.786359091897723,73.6,15.43314,12.81457,9569.522105,34,2.6,2020-04-04,38
Germany,DE,DEU,276,51,9,91159,24575,1275,2020-01-27,1,4,0.9387847060567,81.18,17.09638,14.13215,46945.9499,15,8.3,2020-04-04,68
Ghana,GH,GHA,288,7.9465,-1.0232,205,31,5,2020-03-14,3,142,0.595669716475157,63.78,11.51923,7.184,4098.860341,-2,0.9,2020-04-04,21
Greece,GR,GRC,300,39.0742,21.8243,1613,78,63,2020-02-26,1,32,0.871952125926398,82.072,17.33672,10.53957898,24909.34008,20,4.3,2020-04-04,38
Greenland,GL,GRL,304,0,0,0,0,0,,0,0,0,0,0,0,0,0,8.2,2020-04-04,
Grenada,GD,GRD,308,12.1165,-61.679,12,0,0,2020-03-22,1,78,0.763383380917163,72.384,16.60448,8.8,12683.83386,8,3.7,2020-04-04,13
Guatemala,GT,GTM,320,15.7835,-90.2308,50,12,1,2020-03-14,1,126,0.651035337183962,74.063,10.62148,6.467886134,7377.915813,-7,0.6,2020-04-04,21
Guinea,GN,GIN,324,9.9456,-9.6966,73,2,0,2020-03-13,1,174,0.465515000621699,61.185,9.00675,2.707392597,2211.002107,-10,0.3,2020-04-04,22
Guinea-Bissau,GW,GNB,624,11.8037,-15.1804,15,0,0,2020-03-25,2,178,0.461406000722445,58.003,10.5,3.303495308,1593.184025,-2,1,2020-04-04,10
Guyana,GY,GUY,328,5,-58.75,23,0,4,2020-03-12,1,123,0.670296096453139,69.774,11.47262358,8.46676505,7615.416702,-7,1.6,2020-04-04,23
Haiti,HT,HTI,332,18.9712,-72.2852,18,1,0,2020-03-20,2,169,0.502731374551794,63.66,9.5,5.441686,1664.892927,6,0.7,2020-04-04,15
Honduras,HN,HND,340,15.2,-86.2419,222,3,15,2020-03-11,2,132,0.622981471060965,75.088,10.20793667,6.5964413,4258.345021,7,0.7,2020-04-04,24
Hong Kong,HK,HKG,344,0,0,0,0,0,,0,4,0.93880914959384,84.687,16.51223,12.03813,60220.79676,5,5.4,2020-04-04,
Hungary,HU,HUN,348,47.1625,19.5033,623,43,26,2020-03-04,2,43,0.844699935545313,76.701,15.11709,11.88941481,27144.21153,4,7,2020-04-04,31
Iceland,IS,ISL,352,64.9631,-19.0208,1364,309,4,2020-02-28,1,6,0.938473875045387,82.855,19.17451,12.53666119,47566.45467,12,3.4,2020-04-04,36
India,IN,IND,356,21,78,2567,192,72,2020-01-30,1,129,0.646901099922656,69.416,12.34981,6.452132788,6828.601528,-5,0.7,2020-04-04,65
Indonesia,ID,IDN,360,-0.7893,113.9213,1986,134,181,2020-03-02,2,111,0.706857949708208,71.509,12.9155945,7.976152649,11255.78107,-14,1.2,2020-04-04,33
Iran (Islamic Republic of),IR,IRN,364,32,53,53183,17935,3294,2020-02-19,2,65,0.797483335773824,76.479,14.72684125,10.01153929,18166.46754,-2,0.2,2020-04-04,45
Iraq,IQ,IRQ,368,33,44,820,226,54,2020-02-24,1,120,0.688784073662805,70.454,11.148673,7.316,15364.95568,-44,1.4,2020-04-04,40
Ireland,IE,IRL,372,53.1424,-7.6921,4273,5,120,2020-02-29,1,3,0.942472820797525,82.103,18.79326,12.52629458,55659.67902,9,2.8,2020-04-04,35
Israel,IL,ISR,376,31,35,7428,403,40,2020-02-21,1,22,0.906234943490542,82.819,15.99117,12.95921504,33649.6895,13,3.1,2020-04-04,43
Italy,IT,ITA,380,43,12,119827,19758,14681,2020-01-31,2,29,0.882583978567803,83.352,16.2469,10.24509,36141.42829,2,3.4,2020-04-04,64
Jamaica,JM,JAM,388,18.1096,-77.2975,47,2,3,2020-03-11,1,96,0.725679363984711,74.368,13.1407323,9.796912678,7931.516349,18,1.7,2020-04-04,24
Japan,JP,JPN,392,36,138,2617,514,63,2020-01-22,2,19,0.914696376200975,84.47,15.23057,12.8,40799.0143,6,13.4,2020-04-04,73
Jordan,JO,JOR,400,31.24,36.51,310,58,5,2020-03-03,1,102,0.723445120391015,74.405,11.8767423,10.452,8267.805545,10,1.4,2020-04-04,32
Kazakhstan,KZ,KAZ,398,48.0196,66.9237,464,29,6,2020-03-13,4,50,0.817243848840449,73.236,15.26522,11.784,22167.69698,8,6.7,2020-04-04,22
Kenya,KE,KEN,404,-0.0236,37.9062,122,4,4,2020-03-13,1,147,0.578587728014701,66.342,11.06424,6.564,3051.689885,9,1.4,2020-04-04,22
Kiribati,KI,KIR,296,0,0,0,0,0,,0,132,0.623243758584917,68.116,11.81000261,7.865527643,3917.433007,11,1.9,2020-04-04,
"Korea (the Democratic People's Republic of)",KP,PRK,408,0,0,0,0,0,,0,0,0,0,0,0,0,0,13.2,2020-04-04,
Korea (the Republic of),KR,KOR,410,36,128,10062,6021,174,2020-01-22,1,22,0.905831888027426,82.846,16.39381,12.18500103,36757.02363,8,0,2020-04-04,73
Kuwait,KW,KWT,414,29.5,47.75,417,82,0,2020-02-24,1,57,0.808352434510086,75.398,13.7588,7.275667996,71164.21501,-52,2,2020-04-04,40
Kyrgyzstan,KG,KGZ,417,41.2044,74.7661,130,6,1,2020-03-18,3,122,0.67420282975007,71.321,13.36096,10.88040163,3316.79327,30,4.5,2020-04-04,17
"Lao People's Democratic Republic (the)",LA,LAO,418,19.85627,102.495496,10,0,0,2020-03-24,2,140,0.604069321859048,67.61,11.05725,5.202,6316.520863,-13,1.5,2020-04-04,11
Latvia,LV,LVA,428,56.8796,24.6032,493,1,1,2020-03-02,1,39,0.853901518579769,75.172,15.98269,12.82536903,26300.76872,10,5.8,2020-04-04,33
Lebanon,LB,LBN,422,33.8547,35.8623,508,50,17,2020-02-21,1,93,0.73007789114178,78.875,11.28587,8.7,11136.2495,5,2.9,2020-04-04,43
Lesotho,LS,LSO,426,0,0,0,0,0,,0,164,0.517954879574867,53.705,10.73776,6.348,3243.839094,-9,0,2020-04-04,
Liberia,LR,LBR,430,6.4281,-9.4295,7,0,0,2020-03-16,1,176,0.464720318954408,63.73,9.57967,4.668,1040.085099,9,0.8,2020-04-04,19
Libya,LY,LBY,434,26.3351,17.228331,11,0,1,2020-03-24,1,110,0.707567974206122,72.724,12.789937,7.56,11684.73341,-16,3.7,2020-04-04,11
Liechtenstein,LI,LIE,438,47.14,9.55,75,0,0,2020-03-04,1,18,0.916724353173152,80.537,14.72093,12.54845788,99732.14199,-16,0,2020-04-04,31
Lithuania,LT,LTU,440,55.1694,23.8813,696,7,9,2020-02-28,1,34,0.869307679134763,75.737,16.49953,12.96103366,29775.26288,7,7.3,2020-04-04,36
Luxembourg,LU,LUX,442,49.8153,6.1296,2612,500,31,2020-02-29,1,21,0.908719936638489,82.102,14.22752,12.19580174,65543.05171,-13,4.9,2020-04-04,35
Madagascar,MG,MDG,450,-18.7669,46.8691,70,0,0,2020-03-20,3,162,0.520697358930592,66.681,10.41317,6.1,1403.915973,19,0.2,2020-04-04,15
Malawi,MW,MWI,454,-13.254308,34.301525,3,0,0,2020-04-02,3,172,0.485400186346767,63.798,10.95276,4.63,1159.120065,11,1.3,2020-04-04,2
Malaysia,MY,MYS,458,2.5,112.5,3333,827,53,2020-01-25,3,61,0.80418584779664,75.997,13.46876,10.15999793,27226.67561,-15,1.9,2020-04-04,70
Maldives,MV,MDV,462,3.2028,73.2207,19,13,0,2020-03-08,4,104,0.718707078114338,78.627,12.118009,6.818,12549.25505,-17,4.3,2020-04-04,27
Mali,ML,MLI,466,17.570692,-3.996166,39,0,3,2020-03-25,2,184,0.427206243726843,58.893,7.60336,2.352954412,1965.385142,-17,0.1,2020-04-04,10
Malta,MT,MLT,470,35.9375,14.3754,202,2,0,2020-03-07,3,28,0.885265683122447,82.376,15.89665,11.28811066,34795.17858,6,4.7,2020-04-04,28
Marshall Islands (the),MH,MHL,584,0,0,0,0,0,,0,117,0.697589283954224,73.861,12.39008,10.8856786,4633.4778,21,2.7,2020-04-04,
Mauritania,MR,MRT,478,21.0079,10.9408,6,2,1,2020-03-14,1,161,0.527057139631419,64.704,8.46557,4.614,3746.083654,-17,0,2020-04-04,21
Mauritius,MU,MUS,480,-20.2,57.5,186,0,7,2020-03-18,3,66,0.796406212447762,74.863,14.96984,9.43,22724.23479,-10,3.7,2020-04-04,17
Mexico,MX,MEX,484,23.6345,-102.5528,1510,633,50,2020-02-28,1,76,0.767447245379146,74.992,14.29736,8.60085,17628.11729,-11,1.5,2020-04-04,36
Micronesia (Federated States of),FM,FSM,583,0,0,0,0,0,,0,135,0.614157809071526,67.755,11.54947988,7.717375215,3700.096885,10,3.2,2020-04-04,
Moldova (the Republic of),MD,MDA,498,47.4116,28.3699,591,26,8,2020-03-08,1,107,0.711451586216115,71.808,11.61391,11.56275474,6833.107979,16,5.8,2020-04-04,27
Monaco,MC,MCO,492,0,0,0,0,0,,0,0,0,0,0,0,0,0,13.8,2020-04-04,
Mongolia,MN,MNG,496,46.8625,103.8467,14,2,0,2020-03-10,1,92,0.734683997229871,69.689,14.20655,10.17198276,10783.71204,7,7,2020-04-04,25
Montenegro,ME,MNE,499,42.5,19.3,174,1,2,2020-03-17,2,52,0.815933999647698,76.77,15.03186,11.38676801,17510.70768,15,4,2020-04-04,18
Morocco,MA,MAR,504,31.7917,-7.0926,791,57,48,2020-03-02,1,121,0.676439334914174,76.453,13.0675557,5.514,7479.592067,-3,1.1,2020-04-04,33
Mozambique,MZ,MOZ,508,-18.665695,35.529562,10,0,0,2020-03-22,1,180,0.446044680992215,60.163,9.74711,3.540898438,1153.697636,4,0.7,2020-04-04,13
Myanmar,MM,MMR,104,0,0,0,0,0,,0,145,0.584252196135046,66.867,10.3154,4.953399443,5763.943772,-13,0,2020-04-04,
Namibia,NA,NAM,516,-22.9576,18.4904,14,3,0,2020-03-14,2,130,0.645037374021761,63.373,12.63338796,6.94,9682.661774,-27,2.7,2020-04-04,21
Nauru,NR,NRU,520,0,0,0,0,0,,0,0,0,0,0,0,0,0,5,2020-04-04,
Nepal,NP,NPL,524,28.1667,84.25,6,1,0,2020-01-25,1,147,0.579485269773784,70.478,12.1952,4.856,2748.200382,13,3,2020-04-04,70
Netherlands (the),NL,NLD,528,52.1326,5.2913,15821,260,1490,2020-02-27,1,10,0.933494699961273,82.143,18.04483,12.1900128,50012.5936,3,4.7,2020-04-04,37
New Zealand,NZ,NZL,554,-40.9006,174.886,868,103,1,2020-02-28,1,14,0.920886141138658,82.145,18.8376,12.678166,35107.50023,18,2.8,2020-04-04,36
Nicaragua,NI,NIC,558,12.8654,-85.2072,5,0,1,2020-03-19,1,126,0.651104261263509,74.275,12.20689607,6.796,4789.840116,11,0.9,2020-04-04,16
Niger (the),NE,NER,562,17.6078,8.0817,120,0,5,2020-03-20,1,189,0.376591083103143,62.024,6.47145,2.029048967,912.0418982,-3,0,2020-04-04,15
Nigeria,NG,NGA,566,9.082,8.6753,210,25,4,2020-02-28,1,158,0.534136286019714,54.332,9.746414,6.4619,5085.540258,-22,0,2020-04-04,36
Norway,NO,NOR,578,60.472,8.4689,5370,32,59,2020-02-26,1,1,0.95368833688361,82.271,18.06082,12.56681764,68058.61613,5,3.8,2020-04-04,38
Oman,OM,OMN,512,21,57,252,57,1,2020-02-24,2,47,0.833789433053369,77.633,14.6641,9.731845912,37039.23091,-18,1.6,2020-04-04,40
Pakistan,PK,PAK,586,30.3753,69.3451,2686,126,40,2020-02-26,2,152,0.560446359428312,67.114,8.46498,5.158944258,5190.07941,-17,0.6,2020-04-04,38
Palau,PW,PLW,585,0,0,0,0,0,,0,55,0.81424585507881,73.678,15.5532,12.4,16720.01271,14,4.8,2020-04-04,
"Palestine, State of",PS,PSE,275,0,0,0,0,0,,0,119,0.690017032543725,73.895,12.84295,9.104641383,5313.833056,15,0,2020-04-04,
Panama,PA,PAN,591,8.538,-80.7821,1475,10,37,2020-03-10,1,67,0.795054699396876,78.329,12.88063,10.17,20454.87351,-7,2.3,2020-04-04,25
Papua New Guinea,PG,PNG,598,-6.315,143.9555,1,0,0,2020-03-20,1,155,0.543075622863265,64.263,9.99646,4.62,3685.79897,-9,0,2020-04-04,15
Paraguay,PY,PRY,600,-23.4425,-58.4438,92,6,3,2020-03-08,1,98,0.724347661798462,74.131,12.68985207,8.450439127,11719.95898,-5,1.3,2020-04-04,27
Peru,PE,PER,604,-9.19,-75.0152,1595,537,61,2020-03-06,1,82,0.759103573999389,76.516,13.8474129,9.215395842,12322.65681,6,1.6,2020-04-04,29
Philippines (the),PH,PHL,608,13,122,3018,52,136,2020-01-30,1,106,0.711860206902447,71.095,12.72245333,9.393091398,9539.697881,-1,1,2020-04-04,65
Poland,PL,POL,616,51.9194,19.1451,3383,56,71,2020-03-04,1,32,0.871767867896917,78.544,16.4332,12.29398111,27625.79535,13,6.5,2020-04-04,31
Portugal,PT,PRT,620,39.3999,-8.2245,9886,68,246,2020-03-02,2,40,0.85021161872586,81.857,16.29655,9.190958665,27935.3848,4,3.4,2020-04-04,33
Qatar,QA,QAT,634,25.3548,51.1839,1075,93,3,2020-02-29,1,41,0.848440767290782,80.1,12.17887,9.66734,110488.7358,-40,1.2,2020-04-04,35
Romania,RO,ROU,642,45.9432,24.9668,3183,283,133,2020-02-26,1,52,0.815569656463036,75.924,14.26345,10.97836,23905.77107,2,6.3,2020-04-04,38
Russian Federation (the),RU,RUS,643,60,90,4149,281,34,2020-01-31,2,49,0.824037890143063,72.386,15.53573,12.01999,25036.02024,2,8.2,2020-04-04,64
Rwanda,RW,RWA,646,-1.9403,29.8739,89,0,0,2020-03-14,1,157,0.536014720097445,68.7,11.16659,4.417150539,1958.611877,11,0,2020-04-04,21
Saint Kitts and Nevis,KN,KNA,659,17.357822,-62.782998,9,0,0,2020-03-25,2,73,0.776814604990099,74.564,13.608,8.5,26770.07268,-25,4.8,2020-04-04,10
Saint Lucia,LC,LCA,662,13.9094,-60.9789,13,1,0,2020-03-14,1,89,0.744931243501808,76.057,13.87278,8.491487756,11528.36709,7,1.3,2020-04-04,21
Saint Vincent and the Grenadines,VC,VCT,670,12.9843,-61.2872,3,1,0,2020-03-14,1,94,0.727864562553523,72.415,13.57174,8.616537748,11746.44618,-2,2.6,2020-04-04,21
Samoa,WS,WSM,882,0,0,0,0,0,,0,111,0.706770761956278,73.187,12.52,10.59494988,5884.838411,18,0,2020-04-04,
San Marino,SM,SMR,674,0,0,0,0,0,,0,0,0,0,0,0,0,0,3.8,2020-04-04,
Sao Tome and Principe,ST,STP,678,0,0,0,0,0,,0,137,0.608556189413203,70.17,12.68717,6.436763183,3024.430752,20,2.9,2020-04-04,
Saudi Arabia,SA,SAU,682,24,45,2039,351,25,2020-03-02,1,36,0.856962813134503,74.998,16.9791,9.67145098,49338.40957,-22,2.7,2020-04-04,33
Senegal,SN,SEN,686,14.4974,-14.4524,207,66,1,2020-03-02,1,166,0.513769572662736,67.665,8.97107,3.068934,3255.987639,-12,0.3,2020-04-04,33
Serbia,RS,SRB,688,44.0165,21.0059,1476,0,39,2020-03-06,1,63,0.799259784748954,75.849,14.76615,11.18071012,15217.69707,15,5.7,2020-04-04,29
Seychelles,SC,SYC,690,-4.6796,55.492,10,0,0,2020-03-14,2,62,0.801394514797042,73.333,15.45254,9.672806259,25076.87309,-12,3.6,2020-04-04,21
Sierra Leone,SL,SLE,694,8.460555,-11.779889,2,0,0,2020-03-31,1,181,0.438465282068234,54.309,10.17593,3.6,1381.299109,1,0,2020-04-04,4
Singapore,SG,SGP,702,1.2833,103.8333,1114,282,5,2020-01-23,1,9,0.934818974247082,83.458,16.32817,11.49649,83792.67432,-6,2.4,2020-04-04,72
Slovakia,SK,SVK,703,48.669,19.699,450,10,1,2020-03-06,1,36,0.8568782254854,77.388,14.53309,12.60562251,30671.87284,3,5.8,2020-04-04,29
Slovenia,SI,SVN,705,46.1512,14.9955,934,70,20,2020-03-05,2,24,0.901601081018893,81.172,17.42218,12.27337909,32143.04239,13,4.6,2020-04-04,30
Solomon Islands,SB,SLB,90,0,0,0,0,0,,0,153,0.557341016042722,72.835,10.22041433,5.54073206,2026.724743,13,1.4,2020-04-04,
Somalia,SO,SOM,706,0,0,0,0,0,,0,0,0,0,0,0,0,0,8.7,2020-04-04,
South Africa,ZA,ZAF,710,-30.5595,22.9375,1505,95,9,2020-03-05,1,113,0.704937482749285,63.857,13.66788,10.24064634,11756.29842,-22,0,2020-04-04,30
South Sudan,SS,SSD,728,0,0,0,0,0,,0,186,0.412770471734889,57.604,5.00038,4.84913,1455.229886,-7,0,2020-04-04,
Spain,ES,ESP,724,40,-4,119199,30513,11198,2020-02-01,1,25,0.892788460825464,83.433,17.87704,9.819481806,35041.29991,8,3,2020-04-04,63
Sri Lanka,LK,LKA,144,7,81,159,24,4,2020-01-27,1,71,0.780114782034158,76.812,13.96532,11.05175,11610.90818,24,3.6,2020-04-04,68
Sudan (the),SD,SDN,729,12.8628,30.2176,10,2,2,2020-03-13,1,168,0.50749880927116,65.095,7.73987,3.72,3961.615683,-26,0.8,2020-04-04,22
Suriname,SR,SUR,740,3.9193,-56.0278,10,0,1,2020-03-14,1,98,0.723692874539399,71.57,12.85875,9.125367134,11932.99266,-8,3.1,2020-04-04,21
Sweden,SE,SWE,752,63,16,6131,205,358,2020-01-31,1,8,0.936627634387967,82.654,18.83223,12.42604923,47955.44724,9,2.4,2020-04-04,64
Switzerland,CH,CHE,756,46.8182,8.2275,19606,4846,591,2020-02-25,1,2,0.945936116629152,83.63,16.20882,13.38081241,59374.73403,8,4.7,2020-04-04,39
Syrian Arab Republic,SY,SYR,760,34.802075,38.996815,16,0,2,2020-03-22,1,154,0.548903220928628,71.779,8.8501,5.1,2725.189347,7,1.5,2020-04-04,13
Tajikistan,TJ,TJK,762,0,0,0,0,0,,0,125,0.656039110202384,70.879,11.40786,10.67167179,3482.378737,26,4.8,2020-04-04,
"Tanzania, United Republic of",TZ,TZA,834,-6.369,34.8888,20,3,1,2020-03-16,1,159,0.528302625609689,65.015,8.009893333,6.008,2805.116129,0,0.7,2020-04-04,19
Thailand,TH,THA,764,15,101,1978,612,19,2020-01-22,2,77,0.764604937584903,76.931,14.6502963,7.731400914,16128.54767,-6,2.1,2020-04-04,73
Timor-Leste,TL,TLS,626,-8.874217,125.727539,1,0,0,2020-03-22,1,131,0.625887057433738,69.26,12.39822,4.537876912,7526.658774,-14,5.9,2020-04-04,13
Togo,TG,TGO,768,8.6195,0.8248,40,17,3,2020-03-06,1,167,0.512732736035847,60.76,12.56833,4.949925584,1592.536702,10,0.7,2020-04-04,29
Tonga,TO,TON,776,0,0,0,0,0,,0,105,0.717430361289233,70.801,14.3,11.21,5782.568173,26,2.6,2020-04-04,
Trinidad and Tobago,TT,TTO,780,10.6918,-61.2225,98,1,6,2020-03-14,2,63,0.799028478624285,73.38,12.96,11.02594007,28497.37072,-21,3,2020-04-04,21
Tunisia,TN,TUN,788,34,9,495,5,18,2020-03-04,1,91,0.739200558575807,76.505,15.10152,7.172257455,10676.96362,10,2.2,2020-04-04,31
Turkey,TR,TUR,792,38.9637,35.2433,20921,484,425,2020-03-11,1,59,0.806490175910848,77.437,16.439128,7.667909126,24905.38066,-6,2.7,2020-04-04,24
Turkmenistan,TM,TKM,795,0,0,0,0,0,,0,108,0.710130828934263,68.073,10.88933112,9.78,16407.47046,-38,7.4,2020-04-04,
Uganda,UG,UGA,800,1,32,48,0,0,2020-03-21,1,159,0.528190903458153,62.973,11.24256,6.090251,1752.210989,11,0.5,2020-04-04,14
Ukraine,UA,UKR,804,48.3794,31.1656,1072,22,27,2020-03-03,1,88,0.749745951643767,71.953,15.07384705,11.34,7994.213212,25,8.8,2020-04-04,32
United Arab Emirates (the),AE,ARE,784,24,54,1264,108,9,2020-01-29,4,35,0.866437670203764,77.814,13.64343,10.95412,66911.66289,-28,1.2,2020-04-04,66
United Kingdom of Great Britain and Northern Ireland (the),GB,GBR,826,55.3781,-3.436,38689,208,3611,2020-01-31,2,15,0.920351548453539,81.236,17.4429,12.95067,39507.28595,13,2.8,2020-04-04,64
United States of America (the),US,USA,840,37.0902,-95.7129,275586,9707,7087,2020-01-22,1,15,0.919925749374603,78.851,16.27437,13.41344,56140.23348,-4,2.9,2020-04-04,73
Uruguay,UY,URY,858,-32.5228,-55.7658,369,68,4,2020-03-14,4,57,0.807763814153577,77.77,16.34484,8.728716877,19434.85186,5,2.8,2020-04-04,21
Uzbekistan,UZ,UZB,860,41.3775,64.5853,227,25,2,2020-03-15,1,108,0.710477618283585,71.573,12.01214,11.52496134,6461.84249,18,4,2020-04-04,20
Vanuatu,VU,VUT,548,0,0,0,0,0,,0,141,0.5968483119671,70.323,11.4168879,6.84,2807.860156,17,0,2020-04-04,
Venezuela (Bolivarian Republic of),VE,VEN,862,6.4238,-66.5897,153,52,7,2020-03-14,2,96,0.725773449254529,72.128,12.81608,10.32342591,9069.697911,14,0.8,2020-04-04,21
Viet Nam,VN,VNM,704,16,108,237,85,0,2020-01-23,2,118,0.692669296545327,75.317,12.692323,8.2,6220.265849,10,2.6,2020-04-04,72
Yemen,YE,YEM,887,0,0,0,0,0,,0,177,0.46271714702882,66.096,8.66439,3.2,1433.295869,3,0.7,2020-04-04,
Zambia,ZM,ZMB,894,-15.4167,28.2833,39,2,1,2020-03-18,2,143,0.591462439752522,63.51,12.06104,7.104178868,3581.886613,7,2,2020-04-04,17
Zimbabwe,ZW,ZWE,716,-20,30,9,0,1,2020-03-20,1,150,0.563100168817114,61.195,10.45108,8.342245697,2661.072065,12,1.7,2020-04-04,15
